crop,temperature,humidity,rainfall,Label_N,Label_P,Label_K
rice,38,65,180,0,0,0
rice,18,90,130,0,0,0
rice,42,55,0,102,60,40
rice,8,25,180,0,0,0
rice,38,65,0,102,60,40
rice,18,85,180,0,0,0
rice,18,85,40,108,60,40
rice,8,25,60,112,72,40
rice,22,55,100,102,60,40
rice,12,65,40,120,60,40
rice,18,35,10,120,60,40
rice,30,25,0,132,60,40
rice,12,85,10,108,60,40
rice,34,55,0,120,60,40
rice,30,35,10,120,60,40
rice,34,45,40,120,60,40
rice,30,25,180,0,0,0
rice,34,85,10,108,60,40
rice,18,90,0,108,60,40
rice,22,90,100,91,60,40
wheat,8,90,25,108,72,40
wheat,12,90,0,108,60,40
wheat,22,85,60,91,60,40
wheat,38,25,10,112,60,40
wheat,8,90,0,108,72,40
wheat,26,55,100,102,60,40
wheat,18,65,0,120,60,40
wheat,30,55,0,120,60,40
wheat,42,45,180,0,0,0
wheat,26,90,130,0,0,0
wheat,8,75,10,120,72,40
wheat,34,75,100,102,60,40
wheat,34,65,10,120,60,40
wheat,34,65,60,102,60,40
wheat,18,85,60,91,60,40
wheat,26,45,130,0,0,0
wheat,8,55,180,0,0,0
wheat,26,35,100,102,60,40
wheat,18,45,130,0,0,0
wheat,42,35,60,86,60,40
maize,12,65,25,120,60,40
maize,18,55,100,102,60,40
maize,18,75,180,0,0,0
maize,38,85,100,78,60,40
maize,18,35,40,120,60,40
maize,26,90,40,108,60,40
maize,42,85,60,78,60,40
maize,18,75,40,120,60,40
maize,18,75,100,102,60,40
maize,18,45,60,102,60,40
maize,34,35,100,102,60,40
maize,30,90,40,108,60,40
maize,38,25,100,95,60,40
maize,22,75,25,120,60,40
maize,18,65,25,120,60,40
maize,42,85,100,78,60,40
maize,42,90,40,91,60,40
maize,12,35,25,120,60,40
maize,42,45,10,102,60,40
maize,34,35,25,120,60,40
barley,12,25,180,0,0,0
barley,22,55,10,120,60,40
barley,18,75,130,0,0,0
barley,12,75,180,0,0,0
barley,12,85,180,0,0,0
barley,22,90,100,91,60,40
barley,34,55,10,120,60,40
barley,18,35,60,102,60,40
barley,38,65,130,0,0,0
barley,8,65,0,120,72,40
barley,34,35,40,120,60,40
barley,26,65,0,120,60,40
barley,22,65,60,102,60,40
barley,42,45,0,102,60,40
barley,22,75,10,120,60,40
barley,12,45,10,120,60,40
barley,34,90,0,108,60,40
barley,8,35,10,120,72,40
barley,34,55,10,120,60,40
barley,12,25,0,132,60,40
jowar,26,75,40,100,50,40
jowar,34,85,100,76,50,40
jowar,12,25,100,93,50,40
jowar,22,45,180,0,0,0
jowar,12,25,10,110,50,40
jowar,38,55,10,85,50,40
jowar,30,75,180,0,0,0
jowar,8,90,0,90,60,40
jowar,34,35,180,0,0,0
jowar,26,35,25,100,50,40
jowar,38,35,25,85,50,40
jowar,26,25,100,93,50,40
jowar,12,25,10,110,50,40
jowar,34,25,0,110,50,40
jowar,12,45,0,100,50,40
jowar,34,65,130,0,0,0
jowar,18,45,10,100,50,40
jowar,8,55,130,0,0,0
jowar,18,75,10,100,50,40
jowar,12,65,60,85,50,40
bajra,8,25,180,0,0,0
bajra,12,75,100,85,50,40
bajra,8,90,180,0,0,0
bajra,12,75,180,0,0,0
bajra,42,35,0,85,50,40
bajra,18,75,40,100,50,40
bajra,38,45,40,85,50,40
bajra,12,35,10,100,50,40
bajra,30,75,100,85,50,40
bajra,22,45,0,100,50,40
bajra,22,75,180,0,0,0
bajra,8,90,60,76,60,40
bajra,18,35,60,85,50,40
bajra,8,55,130,0,0,0
bajra,22,85,0,90,50,40
bajra,22,35,0,100,50,40
bajra,12,75,10,100,50,40
bajra,38,90,10,76,50,40
bajra,8,75,100,85,60,40
bajra,18,55,0,100,50,40
ragi,30,55,25,100,50,40
ragi,8,65,130,0,0,0
ragi,12,65,60,85,50,40
ragi,42,55,25,85,50,40
ragi,34,75,25,100,50,40
ragi,8,45,0,100,60,40
ragi,12,90,60,76,50,40
ragi,8,65,100,85,60,40
ragi,42,35,180,0,0,0
ragi,8,25,40,110,60,40
ragi,30,75,100,85,50,40
ragi,18,90,10,90,50,40
ragi,22,35,10,100,50,40
ragi,12,90,25,90,50,40
ragi,38,55,100,72,50,40
ragi,12,25,60,93,50,40
ragi,22,90,40,90,50,40
ragi,30,55,10,100,50,40
ragi,22,35,40,100,50,40
ragi,22,65,60,85,50,40
chickpea,30,75,180,0,0,0
chickpea,38,45,180,0,0,0
chickpea,8,35,130,0,0,0
chickpea,42,35,25,34,60,40
chickpea,38,85,0,30,60,40
chickpea,30,65,0,40,60,40
chickpea,8,85,60,30,72,40
chickpea,38,55,60,28,60,40
chickpea,22,65,40,40,60,40
chickpea,8,90,60,30,72,40
chickpea,42,25,130,0,0,0
chickpea,26,65,180,0,0,0
chickpea,8,35,100,34,72,40
chickpea,12,35,0,40,60,40
chickpea,8,85,100,30,72,40
chickpea,8,85,180,0,0,0
chickpea,8,75,0,40,72,40
chickpea,26,45,40,40,60,40
chickpea,22,90,60,30,60,40
chickpea,8,35,0,40,72,40
pigeon pea,30,35,25,40,60,40
pigeon pea,22,55,40,40,60,40
pigeon pea,8,25,180,0,0,0
pigeon pea,26,85,180,0,0,0
pigeon pea,12,25,10,44,60,40
pigeon pea,8,85,25,36,72,40
pigeon pea,12,85,40,36,60,40
pigeon pea,38,45,60,28,60,40
pigeon pea,26,45,40,40,60,40
pigeon pea,26,45,130,0,0,0
pigeon pea,38,65,10,34,60,40
pigeon pea,30,25,0,44,60,40
pigeon pea,8,75,40,40,72,40
pigeon pea,26,45,100,34,60,40
pigeon pea,34,55,130,0,0,0
pigeon pea,26,25,40,44,60,40
pigeon pea,22,75,180,0,0,0
pigeon pea,22,90,40,36,60,40
pigeon pea,38,35,180,0,0,0
pigeon pea,18,45,60,34,60,40
green gram,18,25,180,0,0,0
green gram,42,65,130,0,0,0
green gram,18,45,40,40,60,40
green gram,8,65,40,40,72,40
green gram,42,85,130,0,0,0
green gram,34,75,130,0,0,0
green gram,26,85,10,36,60,40
green gram,8,85,180,0,0,0
green gram,26,55,180,0,0,0
green gram,22,35,10,40,60,40
green gram,22,45,100,34,60,40
green gram,18,90,25,36,60,40
green gram,26,45,0,40,60,40
green gram,34,45,180,0,0,0
green gram,18,75,10,40,60,40
green gram,30,45,100,34,60,40
green gram,12,65,130,0,0,0
green gram,18,90,60,30,60,40
green gram,22,90,130,0,0,0
green gram,30,45,60,34,60,40
black gram,12,75,60,34,60,40
black gram,42,35,130,0,0,0
black gram,38,85,60,26,60,40
black gram,42,65,180,0,0,0
black gram,12,25,0,44,60,40
black gram,38,55,0,34,60,40
black gram,18,65,25,40,60,40
black gram,30,35,0,40,60,40
black gram,26,85,130,0,0,0
black gram,8,55,0,40,72,40
black gram,8,45,40,40,72,40
black gram,42,55,60,28,60,40
black gram,34,35,60,34,60,40
black gram,12,90,40,36,60,40
black gram,30,90,100,30,60,40
black gram,8,25,10,44,72,40
black gram,26,35,130,0,0,0
black gram,42,25,180,0,0,0
black gram,12,25,25,44,60,40
black gram,42,35,180,0,0,0
lentil,12,45,60,34,60,40
lentil,22,90,10,36,60,40
lentil,42,90,40,30,60,40
lentil,12,45,0,40,60,40
lentil,22,25,10,44,60,40
lentil,18,65,10,40,60,40
lentil,12,90,40,36,60,40
lentil,34,45,0,40,60,40
lentil,42,75,0,34,60,40
lentil,42,85,100,26,60,40
lentil,26,45,130,0,0,0
lentil,30,55,180,0,0,0
lentil,12,55,130,0,0,0
lentil,18,65,100,34,60,40
lentil,22,35,60,34,60,40
lentil,18,55,180,0,0,0
lentil,18,90,25,36,60,40
lentil,18,90,60,30,60,40
lentil,12,65,180,0,0,0
lentil,12,75,130,0,0,0
peas,18,90,100,30,60,40
peas,18,45,100,34,60,40
peas,26,75,100,34,60,40
peas,42,90,0,30,60,40
peas,12,65,0,40,60,40
peas,18,65,180,0,0,0
peas,8,55,130,0,0,0
peas,34,45,60,34,60,40
peas,12,25,40,44,60,40
peas,8,90,100,30,72,40
peas,38,45,0,34,60,40
peas,30,55,0,40,60,40
peas,18,65,130,0,0,0
peas,30,25,0,44,60,40
peas,8,90,100,30,72,40
peas,34,55,10,40,60,40
peas,22,75,25,40,60,40
peas,42,45,25,34,60,40
peas,18,45,60,34,60,40
peas,38,35,180,0,0,0
cowpea,34,35,40,40,60,40
cowpea,18,55,100,34,60,40
cowpea,30,55,180,0,0,0
cowpea,30,65,100,34,60,40
cowpea,18,90,130,0,0,0
cowpea,26,65,40,40,60,40
cowpea,34,55,60,34,60,40
cowpea,38,45,60,28,60,40
cowpea,34,85,180,0,0,0
cowpea,42,45,130,0,0,0
cowpea,26,55,25,40,60,40
cowpea,8,90,25,36,72,40
cowpea,22,65,130,0,0,0
cowpea,12,55,40,40,60,40
cowpea,42,35,60,28,60,40
cowpea,18,35,10,40,60,40
cowpea,12,65,100,34,60,40
cowpea,30,25,25,44,60,40
cowpea,42,75,100,28,60,40
cowpea,42,85,40,30,60,40
groundnut,38,45,40,68,50,60
groundnut,22,55,180,0,0,0
groundnut,38,55,130,0,0,0
groundnut,42,65,100,57,50,60
groundnut,42,75,100,57,50,60
groundnut,42,85,10,61,50,60
groundnut,38,85,180,0,0,0
groundnut,8,65,100,68,60,60
groundnut,34,45,100,68,50,60
groundnut,8,45,180,0,0,0
groundnut,8,25,10,88,60,60
groundnut,22,75,40,80,50,60
groundnut,34,75,100,68,50,60
groundnut,42,90,10,61,50,60
groundnut,30,45,25,80,50,60
groundnut,30,35,100,68,50,60
groundnut,38,25,130,0,0,0
groundnut,30,35,25,80,50,60
groundnut,12,35,25,80,50,60
groundnut,12,85,40,72,50,60
mustard,8,65,60,68,60,60
mustard,42,90,60,52,50,60
mustard,8,75,180,0,0,0
mustard,30,85,40,72,50,60
mustard,22,75,10,80,50,60
mustard,12,55,60,68,50,60
mustard,18,35,10,80,50,60
mustard,34,35,130,0,0,0
mustard,42,45,10,68,50,60
mustard,38,25,40,74,50,60
mustard,22,65,25,80,50,60
mustard,18,75,25,80,50,60
mustard,22,45,130,0,0,0
mustard,22,25,180,0,0,0
mustard,38,45,10,68,50,60
mustard,26,90,40,72,50,60
mustard,22,75,10,80,50,60
mustard,8,65,130,0,0,0
mustard,22,55,130,0,0,0
mustard,34,65,0,80,50,60
soybean,30,35,100,68,50,60
soybean,18,90,100,61,50,60
soybean,34,35,0,80,50,60
soybean,8,85,10,72,60,60
soybean,22,75,40,80,50,60
soybean,38,55,10,68,50,60
soybean,42,75,25,68,50,60
soybean,34,55,180,0,0,0
soybean,30,45,180,0,0,0
soybean,22,75,40,80,50,60
soybean,12,90,180,0,0,0
soybean,34,75,25,80,50,60
soybean,8,75,60,68,60,60
soybean,34,35,10,80,50,60
soybean,26,75,100,68,50,60
soybean,8,25,40,88,60,60
soybean,22,25,25,88,50,60
soybean,38,75,25,68,50,60
soybean,8,65,40,80,60,60
soybean,8,65,10,80,60,60
sunflower,12,75,100,68,50,60
sunflower,8,85,0,72,60,60
sunflower,38,85,60,52,50,60
sunflower,42,85,0,61,50,60
sunflower,8,35,60,68,60,60
sunflower,42,25,25,74,50,60
sunflower,18,75,60,68,50,60
sunflower,8,45,180,0,0,0
sunflower,42,85,60,52,50,60
sunflower,12,55,40,80,50,60
sunflower,22,85,0,72,50,60
sunflower,42,85,10,61,50,60
sunflower,38,75,60,57,50,60
sunflower,30,75,0,80,50,60
sunflower,34,75,130,0,0,0
sunflower,8,35,40,80,60,60
sunflower,8,85,100,61,60,60
sunflower,22,90,60,61,50,60
sunflower,8,35,180,0,0,0
sunflower,42,55,0,68,50,60
sesame,8,55,180,0,0,0
sesame,18,85,100,61,50,60
sesame,12,75,60,68,50,60
sesame,8,35,130,0,0,0
sesame,22,55,10,80,50,60
sesame,42,45,130,0,0,0
sesame,42,75,40,68,50,60
sesame,42,45,40,68,50,60
sesame,8,55,130,0,0,0
sesame,30,45,180,0,0,0
sesame,26,65,0,80,50,60
sesame,22,55,180,0,0,0
sesame,18,90,25,72,50,60
sesame,8,55,60,68,60,60
sesame,30,25,180,0,0,0
sesame,26,55,10,80,50,60
sesame,22,35,60,68,50,60
sesame,22,75,10,80,50,60
sesame,12,25,25,88,50,60
sesame,30,90,0,72,50,60
safflower,30,35,180,0,0,0
safflower,38,65,25,68,50,60
safflower,38,85,100,52,50,60
safflower,42,35,25,68,50,60
safflower,38,85,0,61,50,60
safflower,30,45,130,0,0,0
safflower,34,75,40,80,50,60
safflower,38,85,180,0,0,0
safflower,12,25,60,74,50,60
safflower,26,35,25,80,50,60
safflower,34,85,100,61,50,60
safflower,26,55,60,68,50,60
safflower,26,25,10,88,50,60
safflower,38,85,130,0,0,0
safflower,12,75,130,0,0,0
safflower,34,55,100,68,50,60
safflower,30,25,100,74,50,60
safflower,12,75,40,80,50,60
safflower,12,35,60,68,50,60
safflower,42,35,180,0,0,0
linseed,26,65,130,0,0,0
linseed,42,65,40,68,50,60
linseed,38,25,25,74,50,60
linseed,12,75,40,80,50,60
linseed,8,85,40,72,60,60
linseed,42,55,0,68,50,60
linseed,22,35,0,80,50,60
linseed,34,25,100,74,50,60
linseed,34,55,60,68,50,60
linseed,8,90,0,72,60,60
linseed,8,75,130,0,0,0
linseed,8,65,180,0,0,0
linseed,38,45,60,57,50,60
linseed,22,65,180,0,0,0
linseed,22,65,180,0,0,0
linseed,26,25,100,74,50,60
linseed,26,75,100,68,50,60
linseed,12,25,60,74,50,60
linseed,18,85,130,0,0,0
linseed,22,75,10,80,50,60
castor,26,45,100,68,50,60
castor,12,85,25,72,50,60
castor,26,90,25,72,50,60
castor,42,55,10,68,50,60
castor,22,25,130,0,0,0
castor,38,75,10,68,50,60
castor,38,90,10,61,50,60
castor,18,65,0,80,50,60
castor,42,45,100,57,50,60
castor,42,90,130,0,0,0
castor,30,65,180,0,0,0
castor,22,65,25,80,50,60
castor,12,55,100,68,50,60
castor,30,55,60,68,50,60
castor,34,85,130,0,0,0
castor,42,25,180,0,0,0
castor,26,45,100,68,50,60
castor,18,55,25,80,50,60
castor,30,55,25,80,50,60
castor,30,25,60,74,50,60
coconut,34,65,25,150,75,75
coconut,26,65,25,150,75,75
coconut,12,90,10,135,75,75
coconut,38,55,60,108,75,75
coconut,38,65,60,108,75,75
coconut,34,35,100,127,75,75
coconut,42,75,10,127,75,75
coconut,18,55,10,150,75,75
coconut,22,35,25,150,75,75
coconut,30,55,25,150,75,75
coconut,34,85,0,135,75,75
coconut,18,75,180,0,0,0
coconut,8,65,0,150,90,75
coconut,26,35,25,150,75,75
coconut,26,55,60,127,75,75
coconut,12,45,130,0,0,0
coconut,26,35,100,127,75,75
coconut,22,35,100,127,75,75
coconut,12,75,25,150,75,75
coconut,18,75,10,150,75,75
sugarcane,8,65,100,127,90,75
sugarcane,42,45,0,127,75,75
sugarcane,26,75,100,127,75,75
sugarcane,42,75,10,127,75,75
sugarcane,8,45,0,150,90,75
sugarcane,12,25,130,0,0,0
sugarcane,34,85,40,135,75,75
sugarcane,18,90,0,135,75,75
sugarcane,34,35,40,150,75,75
sugarcane,12,65,10,150,75,75
sugarcane,8,75,25,150,90,75
sugarcane,26,25,25,165,75,75
sugarcane,22,85,180,0,0,0
sugarcane,8,45,10,150,90,75
sugarcane,38,75,130,0,0,0
sugarcane,34,75,40,150,75,75
sugarcane,26,55,180,0,0,0
sugarcane,38,55,100,108,75,75
sugarcane,42,25,60,119,75,75
sugarcane,12,65,180,0,0,0
sugar beet,34,45,180,0,0,0
sugar beet,26,45,100,127,75,75
sugar beet,22,65,40,150,75,75
sugar beet,34,90,10,135,75,75
sugar beet,18,35,100,127,75,75
sugar beet,8,90,10,135,90,75
sugar beet,22,45,0,150,75,75
sugar beet,38,90,25,114,75,75
sugar beet,42,90,0,114,75,75
sugar beet,8,35,130,0,0,0
sugar beet,22,85,0,135,75,75
sugar beet,12,35,100,127,75,75
sugar beet,22,65,25,150,75,75
sugar beet,30,65,60,127,75,75
sugar beet,18,25,130,0,0,0
sugar beet,12,75,25,150,75,75
sugar beet,38,25,40,140,75,75
sugar beet,18,45,0,150,75,75
sugar beet,22,55,40,150,75,75
sugar beet,8,55,40,150,90,75
tea,42,55,180,0,0,0
tea,22,25,60,140,75,75
tea,30,85,40,135,75,75
tea,38,45,10,127,75,75
tea,8,25,130,0,0,0
tea,34,25,180,0,0,0
tea,18,45,40,150,75,75
tea,38,45,100,108,75,75
tea,30,55,0,150,75,75
tea,30,45,180,0,0,0
tea,38,45,130,0,0,0
tea,18,85,40,135,75,75
tea,12,90,100,114,75,75
tea,26,90,130,0,0,0
tea,12,25,100,140,75,75
tea,42,25,0,140,75,75
tea,18,25,40,165,75,75
tea,34,55,100,127,75,75
tea,22,65,100,127,75,75
tea,26,25,10,165,75,75
coffee,30,75,40,150,75,75
coffee,30,25,10,165,75,75
coffee,18,75,60,127,75,75
coffee,34,45,100,127,75,75
coffee,18,55,60,127,75,75
coffee,8,25,100,140,90,75
coffee,26,45,40,150,75,75
coffee,18,65,0,150,75,75
coffee,34,45,60,127,75,75
coffee,12,45,25,150,75,75
coffee,26,90,130,0,0,0
coffee,18,35,0,150,75,75
coffee,34,75,100,127,75,75
coffee,18,35,60,127,75,75
coffee,30,25,40,165,75,75
coffee,42,85,40,114,75,75
coffee,8,25,60,140,90,75
coffee,30,55,0,150,75,75
coffee,8,55,60,127,90,75
coffee,26,55,180,0,0,0
rubber,12,25,25,165,75,75
rubber,38,55,180,0,0,0
rubber,18,90,40,135,75,75
rubber,12,65,60,127,75,75
rubber,12,55,0,150,75,75
rubber,30,85,0,135,75,75
rubber,34,45,40,150,75,75
rubber,38,25,60,119,75,75
rubber,18,85,180,0,0,0
rubber,42,25,25,140,75,75
rubber,12,55,10,150,75,75
rubber,22,35,10,150,75,75
rubber,22,45,130,0,0,0
rubber,42,25,10,140,75,75
rubber,18,35,60,127,75,75
rubber,30,25,180,0,0,0
rubber,42,25,0,140,75,75
rubber,8,35,10,150,90,75
rubber,22,75,10,150,75,75
rubber,30,35,100,127,75,75
arecanut,18,90,130,0,0,0
arecanut,8,55,40,150,90,75
arecanut,12,75,25,150,75,75
arecanut,12,75,180,0,0,0
arecanut,30,85,0,135,75,75
arecanut,22,55,10,150,75,75
arecanut,26,65,0,150,75,75
arecanut,34,35,180,0,0,0
arecanut,34,25,10,165,75,75
arecanut,8,75,130,0,0,0
arecanut,42,25,130,0,0,0
arecanut,42,85,130,0,0,0
arecanut,42,85,60,97,75,75
arecanut,12,45,100,127,75,75
arecanut,34,85,60,114,75,75
arecanut,42,35,180,0,0,0
arecanut,8,25,25,165,90,75
arecanut,38,65,130,0,0,0
arecanut,30,65,100,127,75,75
arecanut,22,90,60,114,75,75
cocoa,8,25,0,165,90,75
cocoa,26,45,130,0,0,0
cocoa,26,85,25,135,75,75
cocoa,12,75,25,150,75,75
cocoa,42,85,60,97,75,75
cocoa,8,75,180,0,0,0
cocoa,8,45,40,150,90,75
cocoa,30,75,180,0,0,0
cocoa,18,90,25,135,75,75
cocoa,12,35,60,127,75,75
cocoa,30,75,180,0,0,0
cocoa,30,25,130,0,0,0
cocoa,34,45,60,127,75,75
cocoa,34,55,130,0,0,0
cocoa,26,25,10,165,75,75
cocoa,26,75,100,127,75,75
cocoa,12,75,100,127,75,75
cocoa,30,35,25,150,75,75
cocoa,42,55,0,127,75,75
cocoa,18,45,0,150,75,75
cotton,42,25,25,84,45,55
cotton,18,90,100,68,45,55
cotton,34,25,25,99,45,55
cotton,34,35,130,0,0,0
cotton,8,25,100,84,54,55
cotton,8,85,130,0,0,0
cotton,30,55,25,90,45,55
cotton,34,35,10,90,45,55
cotton,34,90,180,0,0,0
cotton,42,55,10,76,45,55
cotton,34,35,100,76,45,55
cotton,18,85,100,68,45,55
cotton,26,35,180,0,0,0
cotton,8,55,0,90,54,55
cotton,18,75,0,90,45,55
cotton,12,90,0,81,45,55
cotton,30,35,130,0,0,0
cotton,12,45,60,76,45,55
cotton,18,65,25,90,45,55
cotton,22,85,130,0,0,0
jute,30,90,25,81,45,55
jute,26,65,100,76,45,55
jute,22,75,0,90,45,55
jute,30,55,0,90,45,55
jute,8,35,60,76,54,55
jute,12,25,60,84,45,55
jute,30,55,10,90,45,55
jute,8,85,25,81,54,55
jute,8,75,180,0,0,0
jute,42,45,180,0,0,0
jute,18,25,40,99,45,55
jute,22,25,25,99,45,55
jute,38,55,25,76,45,55
jute,18,25,0,99,45,55
jute,22,25,10,99,45,55
jute,42,55,180,0,0,0
jute,12,35,100,76,45,55
jute,26,65,25,90,45,55
jute,26,45,60,76,45,55
jute,8,55,0,90,54,55
flax,18,25,100,84,45,55
flax,18,90,40,81,45,55
flax,12,45,60,76,45,55
flax,38,75,100,65,45,55
flax,42,55,60,65,45,55
flax,34,55,10,90,45,55
flax,38,45,180,0,0,0
flax,42,45,10,76,45,55
flax,30,55,100,76,45,55
flax,8,45,130,0,0,0
flax,42,90,10,68,45,55
flax,26,90,10,81,45,55
flax,42,90,25,68,45,55
flax,12,65,10,90,45,55
flax,26,65,40,90,45,55
flax,30,35,40,90,45,55
flax,38,35,60,65,45,55
flax,42,65,25,76,45,55
flax,22,45,100,76,45,55
flax,18,65,40,90,45,55
hemp,30,75,60,76,45,55
hemp,38,35,0,76,45,55
hemp,34,65,0,90,45,55
hemp,34,90,60,68,45,55
hemp,34,45,180,0,0,0
hemp,42,85,130,0,0,0
hemp,8,45,100,76,54,55
hemp,38,25,180,0,0,0
hemp,18,85,60,68,45,55
hemp,18,85,10,81,45,55
hemp,26,85,40,81,45,55
hemp,26,35,0,90,45,55
hemp,12,25,40,99,45,55
hemp,30,90,60,68,45,55
hemp,34,85,130,0,0,0
hemp,8,45,60,76,54,55
hemp,12,75,100,76,45,55
hemp,42,65,130,0,0,0
hemp,12,85,60,68,45,55
hemp,8,55,100,76,54,55
black pepper,8,75,130,0,0,0
black pepper,8,35,25,70,60,50
black pepper,38,85,10,53,50,50
black pepper,30,75,10,70,50,50
black pepper,8,75,100,59,60,50
black pepper,18,75,0,70,50,50
black pepper,8,65,40,70,60,50
black pepper,22,25,100,65,50,50
black pepper,38,85,60,45,50,50
black pepper,38,90,0,53,50,50
black pepper,8,35,10,70,60,50
black pepper,22,90,10,63,50,50
black pepper,38,55,100,50,50,50
black pepper,22,65,130,0,0,0
black pepper,12,85,25,63,50,50
black pepper,8,45,0,70,60,50
black pepper,34,75,40,70,50,50
black pepper,12,45,10,70,50,50
black pepper,12,35,10,70,50,50
black pepper,12,45,180,0,0,0
cardamom,38,75,180,0,0,0
cardamom,8,55,25,70,60,50
cardamom,30,25,100,65,50,50
cardamom,22,85,100,53,50,50
cardamom,12,25,100,65,50,50
cardamom,34,65,60,59,50,50
cardamom,12,85,40,63,50,50
cardamom,42,90,0,53,50,50
cardamom,30,45,180,0,0,0
cardamom,34,65,10,70,50,50
cardamom,22,90,100,53,50,50
cardamom,22,45,180,0,0,0
cardamom,26,65,10,70,50,50
cardamom,22,25,40,77,50,50
cardamom,26,85,60,53,50,50
cardamom,26,90,60,53,50,50
cardamom,30,35,180,0,0,0
cardamom,38,75,25,59,50,50
cardamom,22,90,0,63,50,50
cardamom,38,90,0,53,50,50
clove,22,85,40,63,50,50
clove,34,85,60,53,50,50
clove,12,65,25,70,50,50
clove,18,85,40,63,50,50
clove,42,85,10,53,50,50
clove,22,85,40,63,50,50
clove,26,85,0,63,50,50
clove,8,25,60,65,60,50
clove,18,85,180,0,0,0
clove,22,65,60,59,50,50
clove,38,65,60,50,50,50
clove,22,75,130,0,0,0
clove,18,45,180,0,0,0
clove,26,35,60,59,50,50
clove,18,55,130,0,0,0
clove,8,25,0,77,60,50
clove,34,85,40,63,50,50
clove,30,25,0,77,50,50
clove,26,25,130,0,0,0
clove,8,55,100,59,60,50
cinnamon,42,75,25,59,50,50
cinnamon,22,25,25,77,50,50
cinnamon,38,90,25,53,50,50
cinnamon,18,35,60,59,50,50
cinnamon,12,65,180,0,0,0
cinnamon,22,85,40,63,50,50
cinnamon,22,25,10,77,50,50
cinnamon,34,75,130,0,0,0
cinnamon,42,55,100,50,50,50
cinnamon,38,25,180,0,0,0
cinnamon,38,45,180,0,0,0
cinnamon,26,45,25,70,50,50
cinnamon,38,55,180,0,0,0
cinnamon,42,85,100,45,50,50
cinnamon,22,35,25,70,50,50
cinnamon,30,75,0,70,50,50
cinnamon,8,85,0,63,60,50
cinnamon,26,25,100,65,50,50
cinnamon,12,85,40,63,50,50
cinnamon,22,45,0,70,50,50
nutmeg,12,85,130,0,0,0
nutmeg,18,45,100,59,50,50
nutmeg,30,55,10,70,50,50
nutmeg,38,85,25,53,50,50
nutmeg,18,85,40,63,50,50
nutmeg,42,25,100,55,50,50
nutmeg,42,65,100,50,50,50
nutmeg,26,45,180,0,0,0
nutmeg,12,75,25,70,50,50
nutmeg,34,65,130,0,0,0
nutmeg,26,65,10,70,50,50
nutmeg,12,90,130,0,0,0
nutmeg,22,55,40,70,50,50
nutmeg,30,65,10,70,50,50
nutmeg,42,65,180,0,0,0
nutmeg,8,35,60,59,60,50
nutmeg,30,75,180,0,0,0
nutmeg,38,35,0,59,50,50
nutmeg,26,25,100,65,50,50
nutmeg,12,75,60,59,50,50
turmeric,38,25,10,65,50,50
turmeric,34,45,40,70,50,50
turmeric,12,45,0,70,50,50
turmeric,34,25,180,0,0,0
turmeric,18,45,100,59,50,50
turmeric,22,35,10,70,50,50
turmeric,30,75,60,59,50,50
turmeric,38,55,130,0,0,0
turmeric,34,90,130,0,0,0
turmeric,12,25,0,77,50,50
turmeric,38,35,0,59,50,50
turmeric,12,55,180,0,0,0
turmeric,26,25,10,77,50,50
turmeric,38,35,25,59,50,50
turmeric,18,25,180,0,0,0
turmeric,26,85,130,0,0,0
turmeric,26,25,40,77,50,50
turmeric,18,45,180,0,0,0
turmeric,22,25,10,77,50,50
turmeric,18,85,40,63,50,50
ginger,42,25,40,65,50,50
ginger,30,35,0,70,50,50
ginger,42,45,60,50,50,50
ginger,12,75,60,59,50,50
ginger,42,65,10,59,50,50
ginger,26,25,40,77,50,50
ginger,34,65,25,70,50,50
ginger,42,35,180,0,0,0
ginger,18,90,100,53,50,50
ginger,38,25,60,55,50,50
ginger,12,35,40,70,50,50
ginger,42,75,10,59,50,50
ginger,12,85,60,53,50,50
ginger,22,90,25,63,50,50
ginger,12,65,40,70,50,50
ginger,18,45,130,0,0,0
ginger,18,65,60,59,50,50
ginger,12,25,0,77,50,50
ginger,18,45,100,59,50,50
ginger,34,55,0,70,50,50
chilli,12,45,10,70,50,50
chilli,12,75,60,59,50,50
chilli,26,25,25,77,50,50
chilli,8,45,25,70,60,50
chilli,30,90,25,63,50,50
chilli,30,45,0,70,50,50
chilli,30,55,60,59,50,50
chilli,12,85,130,0,0,0
chilli,26,45,130,0,0,0
chilli,8,85,100,53,60,50
chilli,8,90,10,63,60,50
chilli,18,35,130,0,0,0
chilli,38,45,40,59,50,50
chilli,18,65,25,70,50,50
chilli,38,65,0,59,50,50
chilli,34,55,10,70,50,50
chilli,38,75,10,59,50,50
chilli,18,75,100,59,50,50
chilli,12,25,180,0,0,0
chilli,38,35,180,0,0,0
coriander,38,90,0,53,50,50
coriander,26,85,100,53,50,50
coriander,30,35,100,59,50,50
coriander,42,65,180,0,0,0
coriander,26,35,180,0,0,0
coriander,8,90,25,63,60,50
coriander,8,85,10,63,60,50
coriander,38,55,180,0,0,0
coriander,8,75,10,70,60,50
coriander,38,90,0,53,50,50
coriander,38,25,40,65,50,50
coriander,42,25,130,0,0,0
coriander,12,90,100,53,50,50
coriander,18,85,100,53,50,50
coriander,22,45,0,70,50,50
coriander,18,65,60,59,50,50
coriander,22,35,100,59,50,50
coriander,26,25,100,65,50,50
coriander,22,65,0,70,50,50
coriander,34,85,0,63,50,50
cumin,42,85,40,53,50,50
cumin,26,85,0,63,50,50
cumin,18,90,10,63,50,50
cumin,8,35,60,59,60,50
cumin,30,85,0,63,50,50
cumin,12,90,60,53,50,50
cumin,12,25,10,77,50,50
cumin,34,55,10,70,50,50
cumin,34,55,25,70,50,50
cumin,42,65,25,59,50,50
cumin,8,90,180,0,0,0
cumin,34,65,130,0,0,0
cumin,8,35,0,70,60,50
cumin,26,35,40,70,50,50
cumin,22,25,180,0,0,0
cumin,8,90,0,63,60,50
cumin,8,25,130,0,0,0
cumin,34,90,60,53,50,50
cumin,30,90,10,63,50,50
cumin,8,75,0,70,60,50
fennel,42,55,60,50,50,50
fennel,42,65,180,0,0,0
fennel,30,75,0,70,50,50
fennel,22,65,130,0,0,0
fennel,38,85,10,53,50,50
fennel,18,45,130,0,0,0
fennel,38,35,10,59,50,50
fennel,30,35,130,0,0,0
fennel,30,85,130,0,0,0
fennel,8,90,40,63,60,50
fennel,26,45,40,70,50,50
fennel,38,85,0,53,50,50
fennel,42,55,130,0,0,0
fennel,30,75,25,70,50,50
fennel,18,25,0,77,50,50
fennel,8,90,25,63,60,50
fennel,18,35,0,70,50,50
fennel,38,25,0,65,50,50
fennel,42,55,0,59,50,50
fennel,30,35,25,70,50,50
fenugreek,8,55,10,70,60,50
fenugreek,30,90,60,53,50,50
fenugreek,8,75,180,0,0,0
fenugreek,42,35,130,0,0,0
fenugreek,12,85,180,0,0,0
fenugreek,18,45,10,70,50,50
fenugreek,42,45,10,59,50,50
fenugreek,8,45,0,70,60,50
fenugreek,42,25,25,65,50,50
fenugreek,30,85,60,53,50,50
fenugreek,34,65,130,0,0,0
fenugreek,12,35,25,70,50,50
fenugreek,8,55,40,70,60,50
fenugreek,12,90,10,63,50,50
fenugreek,18,75,100,59,50,50
fenugreek,26,45,0,70,50,50
fenugreek,30,75,60,59,50,50
fenugreek,22,85,40,63,50,50
fenugreek,26,65,130,0,0,0
fenugreek,18,85,40,63,50,50
potato,34,25,10,132,60,60
potato,26,25,130,0,0,0
potato,30,65,10,120,60,60
potato,34,35,60,102,60,60
potato,12,65,130,0,0,0
potato,30,65,180,0,0,0
potato,18,90,0,108,60,60
potato,12,35,130,0,0,0
potato,38,90,25,91,60,60
potato,8,45,180,0,0,0
potato,30,45,40,120,60,60
potato,18,65,100,102,60,60
potato,12,45,10,120,60,60
potato,8,55,40,120,72,60
potato,18,75,180,0,0,0
potato,38,35,180,0,0,0
potato,18,25,180,0,0,0
potato,26,85,100,91,60,60
potato,8,25,10,132,72,60
potato,8,85,60,91,72,60
tomato,8,25,180,0,0,0
tomato,38,75,25,102,60,60
tomato,8,90,180,0,0,0
tomato,42,25,60,95,60,60
tomato,38,65,180,0,0,0
tomato,12,90,60,91,60,60
tomato,34,90,180,0,0,0
tomato,12,85,100,91,60,60
tomato,34,25,40,132,60,60
tomato,12,35,100,102,60,60
tomato,42,75,10,102,60,60
tomato,8,85,100,91,72,60
tomato,18,55,40,120,60,60
tomato,30,90,180,0,0,0
tomato,38,75,180,0,0,0
tomato,34,45,0,120,60,60
tomato,12,55,10,120,60,60
tomato,12,25,100,112,60,60
tomato,12,35,130,0,0,0
tomato,42,90,10,91,60,60
onion,12,90,0,108,60,60
onion,38,65,0,102,60,60
onion,12,55,40,120,60,60
onion,26,75,180,0,0,0
onion,12,85,10,108,60,60
onion,42,85,60,78,60,60
onion,18,85,130,0,0,0
onion,12,45,180,0,0,0
onion,22,25,100,112,60,60
onion,42,65,25,102,60,60
onion,8,45,0,120,72,60
onion,38,55,60,86,60,60
onion,12,75,10,120,60,60
onion,12,35,40,120,60,60
onion,26,25,25,132,60,60
onion,26,55,40,120,60,60
onion,22,65,25,120,60,60
onion,8,90,40,108,72,60
onion,38,25,0,112,60,60
onion,30,25,180,0,0,0
brinjal,22,75,0,120,60,60
brinjal,8,85,130,0,0,0
brinjal,38,75,25,102,60,60
brinjal,26,90,10,108,60,60
brinjal,18,35,60,102,60,60
brinjal,18,65,180,0,0,0
brinjal,34,90,10,108,60,60
brinjal,26,45,60,102,60,60
brinjal,12,55,25,120,60,60
brinjal,8,55,40,120,72,60
brinjal,34,25,40,132,60,60
brinjal,26,65,0,120,60,60
brinjal,18,75,0,120,60,60
brinjal,30,35,130,0,0,0
brinjal,30,55,40,120,60,60
brinjal,8,25,0,132,72,60
brinjal,30,35,40,120,60,60
brinjal,38,65,180,0,0,0
brinjal,34,65,130,0,0,0
brinjal,12,55,60,102,60,60
cabbage,26,45,60,102,60,60
cabbage,8,85,130,0,0,0
cabbage,8,55,100,102,72,60
cabbage,34,85,10,108,60,60
cabbage,8,25,25,132,72,60
cabbage,12,45,60,102,60,60
cabbage,34,55,60,102,60,60
cabbage,26,85,130,0,0,0
cabbage,42,45,0,102,60,60
cabbage,8,85,100,91,72,60
cabbage,26,65,0,120,60,60
cabbage,26,25,0,132,60,60
cabbage,42,45,100,86,60,60
cabbage,22,55,60,102,60,60
cabbage,34,45,130,0,0,0
cabbage,38,90,40,91,60,60
cabbage,18,85,60,91,60,60
cabbage,30,25,0,132,60,60
cabbage,18,75,10,120,60,60
cabbage,34,65,60,102,60,60
cauliflower,18,55,40,120,60,60
cauliflower,30,75,130,0,0,0
cauliflower,42,55,60,86,60,60
cauliflower,38,55,40,102,60,60
cauliflower,22,65,60,102,60,60
cauliflower,30,45,100,102,60,60
cauliflower,12,35,0,120,60,60
cauliflower,42,25,180,0,0,0
cauliflower,30,45,10,120,60,60
cauliflower,26,25,40,132,60,60
cauliflower,30,25,25,132,60,60
cauliflower,30,65,0,120,60,60
cauliflower,18,45,40,120,60,60
cauliflower,18,45,10,120,60,60
cauliflower,22,35,0,120,60,60
cauliflower,8,75,60,102,72,60
cauliflower,22,25,100,112,60,60
cauliflower,26,75,0,120,60,60
cauliflower,30,25,25,132,60,60
cauliflower,22,65,100,102,60,60
okra,34,45,40,120,60,60
okra,30,85,0,108,60,60
okra,12,35,0,120,60,60
okra,8,35,25,120,72,60
okra,30,85,130,0,0,0
okra,34,85,25,108,60,60
okra,42,55,40,102,60,60
okra,18,35,10,120,60,60
okra,42,75,180,0,0,0
okra,30,75,10,120,60,60
okra,42,65,100,86,60,60
okra,42,25,10,112,60,60
okra,26,75,100,102,60,60
okra,22,85,40,108,60,60
okra,38,75,0,102,60,60
okra,30,65,0,120,60,60
okra,12,55,130,0,0,0
okra,30,75,130,0,0,0
okra,38,65,60,86,60,60
okra,22,90,25,108,60,60
spinach,34,90,130,0,0,0
spinach,34,90,60,91,60,60
spinach,34,85,10,108,60,60
spinach,34,55,40,120,60,60
spinach,34,90,130,0,0,0
spinach,42,90,25,91,60,60
spinach,22,45,130,0,0,0
spinach,26,55,0,120,60,60
spinach,12,25,100,112,60,60
spinach,8,65,60,102,72,60
spinach,38,90,25,91,60,60
spinach,38,55,10,102,60,60
spinach,34,25,100,112,60,60
spinach,8,25,100,112,72,60
spinach,26,55,180,0,0,0
spinach,42,75,100,86,60,60
spinach,34,45,100,102,60,60
spinach,42,25,0,112,60,60
spinach,30,45,180,0,0,0
spinach,12,85,40,108,60,60
carrot,38,90,100,78,60,60
carrot,18,55,0,120,60,60
carrot,18,45,25,120,60,60
carrot,34,35,25,120,60,60
carrot,22,25,130,0,0,0
carrot,34,65,0,120,60,60
carrot,26,85,60,91,60,60
carrot,12,25,180,0,0,0
carrot,26,75,10,120,60,60
carrot,30,45,100,102,60,60
carrot,42,35,60,86,60,60
carrot,22,65,40,120,60,60
carrot,42,25,25,112,60,60
carrot,26,45,130,0,0,0
carrot,42,45,60,86,60,60
carrot,12,65,10,120,60,60
carrot,8,65,0,120,72,60
carrot,18,65,100,102,60,60
carrot,18,85,40,108,60,60
carrot,12,55,0,120,60,60
radish,42,65,100,86,60,60
radish,22,45,40,120,60,60
radish,12,45,0,120,60,60
radish,34,65,100,102,60,60
radish,26,90,180,0,0,0
radish,26,90,0,108,60,60
radish,22,35,60,102,60,60
radish,26,35,180,0,0,0
radish,8,90,130,0,0,0
radish,8,65,40,120,72,60
radish,12,85,180,0,0,0
radish,8,85,0,108,72,60
radish,12,45,180,0,0,0
radish,42,25,180,0,0,0
radish,42,85,180,0,0,0
radish,38,45,100,86,60,60
radish,22,55,10,120,60,60
radish,30,45,10,120,60,60
radish,18,35,100,102,60,60
radish,12,45,180,0,0,0
beans,8,45,40,120,72,60
beans,30,65,0,120,60,60
beans,26,75,10,120,60,60
beans,8,85,25,108,72,60
beans,26,90,60,91,60,60
beans,22,65,60,102,60,60
beans,18,25,180,0,0,0
beans,12,35,60,102,60,60
beans,30,85,40,108,60,60
beans,38,90,40,91,60,60
beans,22,90,10,108,60,60
beans,42,65,130,0,0,0
beans,42,90,10,91,60,60
beans,38,55,25,102,60,60
beans,38,55,10,102,60,60
beans,42,55,130,0,0,0
beans,18,90,25,108,60,60
beans,12,65,100,102,60,60
beans,12,25,40,132,60,60
beans,26,85,25,108,60,60
beetroot,30,75,60,102,60,60
beetroot,38,55,60,86,60,60
beetroot,12,35,60,102,60,60
beetroot,42,85,100,78,60,60
beetroot,12,65,25,120,60,60
beetroot,12,45,60,102,60,60
beetroot,22,25,130,0,0,0
beetroot,42,35,180,0,0,0
beetroot,30,45,180,0,0,0
beetroot,18,35,0,120,60,60
beetroot,38,35,60,86,60,60
beetroot,18,55,25,120,60,60
beetroot,42,25,10,112,60,60
beetroot,12,45,40,120,60,60
beetroot,8,90,60,91,72,60
beetroot,22,35,130,0,0,0
beetroot,26,45,25,120,60,60
beetroot,42,35,40,102,60,60
beetroot,18,25,130,0,0,0
beetroot,30,65,10,120,60,60
sweet potato,22,45,60,102,60,60
sweet potato,30,55,10,120,60,60
sweet potato,42,85,100,78,60,60
sweet potato,8,45,100,102,72,60
sweet potato,8,25,0,132,72,60
sweet potato,12,45,0,120,60,60
sweet potato,22,55,100,102,60,60
sweet potato,12,35,10,120,60,60
sweet potato,22,45,10,120,60,60
sweet potato,42,55,40,102,60,60
sweet potato,18,85,25,108,60,60
sweet potato,18,75,25,120,60,60
sweet potato,34,25,130,0,0,0
sweet potato,12,65,100,102,60,60
sweet potato,30,45,0,120,60,60
sweet potato,38,25,130,0,0,0
sweet potato,26,35,0,120,60,60
sweet potato,12,25,0,132,60,60
sweet potato,34,85,100,91,60,60
sweet potato,30,25,25,132,60,60
tapioca,26,25,10,132,60,60
tapioca,30,45,180,0,0,0
tapioca,30,85,40,108,60,60
tapioca,26,75,100,102,60,60
tapioca,38,85,130,0,0,0
tapioca,30,45,40,120,60,60
tapioca,22,45,40,120,60,60
tapioca,18,25,40,132,60,60
tapioca,12,55,60,102,60,60
tapioca,12,35,180,0,0,0
tapioca,22,25,180,0,0,0
tapioca,42,65,60,86,60,60
tapioca,42,25,25,112,60,60
tapioca,22,85,60,91,60,60
tapioca,12,85,10,108,60,60
tapioca,38,65,100,86,60,60
tapioca,34,35,25,120,60,60
tapioca,34,55,60,102,60,60
tapioca,30,35,40,120,60,60
tapioca,18,90,130,0,0,0
yam,38,45,100,86,60,60
yam,38,90,130,0,0,0
yam,22,65,40,120,60,60
yam,8,35,180,0,0,0
yam,26,45,25,120,60,60
yam,22,55,60,102,60,60
yam,30,55,10,120,60,60
yam,18,25,0,132,60,60
yam,42,25,10,112,60,60
yam,30,85,100,91,60,60
yam,42,90,0,91,60,60
yam,34,55,40,120,60,60
yam,8,55,60,102,72,60
yam,42,90,40,91,60,60
yam,12,90,180,0,0,0
yam,42,65,60,86,60,60
yam,8,90,100,91,72,60
yam,30,45,10,120,60,60
yam,12,25,10,132,60,60
yam,18,35,130,0,0,0
mango,22,65,60,85,60,80
mango,30,90,60,76,60,80
mango,30,45,180,0,0,0
mango,12,45,180,0,0,0
mango,22,75,60,85,60,80
mango,30,90,180,0,0,0
mango,42,90,60,65,60,80
mango,38,25,130,0,0,0
mango,18,75,100,85,60,80
mango,42,25,0,93,60,80
mango,26,85,180,0,0,0
mango,18,90,60,76,60,80
mango,30,65,60,85,60,80
mango,26,85,10,90,60,80
mango,8,90,25,90,72,80
mango,38,55,130,0,0,0
mango,12,90,100,76,60,80
mango,30,25,25,110,60,80
mango,12,65,25,100,60,80
mango,42,25,60,79,60,80
banana,42,55,60,72,60,80
banana,12,65,180,0,0,0
banana,30,75,0,100,60,80
banana,42,55,25,85,60,80
banana,26,65,60,85,60,80
banana,38,75,130,0,0,0
banana,42,25,25,93,60,80
banana,38,35,100,72,60,80
banana,22,65,40,100,60,80
banana,18,45,10,100,60,80
banana,22,90,60,76,60,80
banana,34,65,180,0,0,0
banana,38,25,130,0,0,0
banana,8,55,25,100,72,80
banana,22,85,180,0,0,0
banana,38,25,10,93,60,80
banana,18,25,130,0,0,0
banana,8,75,180,0,0,0
banana,18,65,25,100,60,80
banana,42,65,180,0,0,0
apple,8,35,40,100,72,80
apple,18,85,130,0,0,0
apple,26,55,10,100,60,80
apple,34,90,25,90,60,80
apple,26,75,10,100,60,80
apple,8,90,180,0,0,0
apple,12,35,60,85,60,80
apple,18,55,0,100,60,80
apple,26,85,130,0,0,0
apple,18,25,130,0,0,0
apple,26,90,25,90,60,80
apple,12,25,10,110,60,80
apple,42,45,25,85,60,80
apple,42,90,180,0,0,0
apple,42,35,10,85,60,80
apple,26,65,60,85,60,80
apple,42,45,100,72,60,80
apple,8,25,60,93,72,80
apple,22,75,0,100,60,80
apple,18,75,100,85,60,80
orange,8,25,0,110,72,80
orange,30,35,40,100,60,80
orange,42,85,100,65,60,80
orange,38,90,10,76,60,80
orange,22,55,40,100,60,80
orange,42,35,130,0,0,0
orange,26,90,40,90,60,80
orange,22,55,10,100,60,80
orange,18,75,40,100,60,80
orange,26,25,25,110,60,80
orange,30,35,25,100,60,80
orange,30,85,25,90,60,80
orange,42,45,180,0,0,0
orange,30,85,100,76,60,80
orange,30,45,180,0,0,0
orange,34,35,25,100,60,80
orange,8,45,0,100,72,80
orange,22,35,25,100,60,80
orange,22,65,100,85,60,80
orange,34,35,0,100,60,80
grapes,38,35,130,0,0,0
grapes,12,25,40,110,60,80
grapes,30,25,100,93,60,80
grapes,12,90,180,0,0,0
grapes,18,85,10,90,60,80
grapes,34,45,10,100,60,80
grapes,18,45,60,85,60,80
grapes,8,85,25,90,72,80
grapes,12,65,25,100,60,80
grapes,30,25,10,110,60,80
grapes,22,45,40,100,60,80
grapes,18,65,100,85,60,80
grapes,30,65,10,100,60,80
grapes,42,25,0,93,60,80
grapes,30,35,60,85,60,80
grapes,12,25,100,93,60,80
grapes,42,35,130,0,0,0
grapes,42,65,60,72,60,80
grapes,30,35,10,100,60,80
grapes,18,75,60,85,60,80
guava,18,35,60,85,60,80
guava,42,75,40,85,60,80
guava,38,55,25,85,60,80
guava,38,25,0,93,60,80
guava,8,55,40,100,72,80
guava,12,85,100,76,60,80
guava,42,85,180,0,0,0
guava,8,35,40,100,72,80
guava,8,85,40,90,72,80
guava,38,75,10,85,60,80
guava,8,45,25,100,72,80
guava,12,85,60,76,60,80
guava,8,75,25,100,72,80
guava,34,90,60,76,60,80
guava,22,90,60,76,60,80
guava,26,25,130,0,0,0
guava,22,65,0,100,60,80
guava,30,85,40,90,60,80
guava,34,35,180,0,0,0
guava,30,45,100,85,60,80
papaya,18,65,0,100,60,80
papaya,18,90,40,90,60,80
papaya,42,55,180,0,0,0
papaya,26,65,130,0,0,0
papaya,30,65,130,0,0,0
papaya,22,85,10,90,60,80
papaya,30,85,130,0,0,0
papaya,34,35,10,100,60,80
papaya,34,55,10,100,60,80
papaya,8,85,180,0,0,0
papaya,18,90,0,90,60,80
papaya,34,65,10,100,60,80
papaya,42,65,25,85,60,80
papaya,18,35,25,100,60,80
papaya,42,35,100,72,60,80
papaya,38,85,40,76,60,80
papaya,38,55,0,85,60,80
papaya,34,25,0,110,60,80
papaya,34,55,180,0,0,0
papaya,30,45,100,85,60,80
pineapple,12,90,130,0,0,0
pineapple,34,75,60,85,60,80
pineapple,30,45,60,85,60,80
pineapple,22,25,130,0,0,0
pineapple,26,35,25,100,60,80
pineapple,34,90,40,90,60,80
pineapple,12,25,100,93,60,80
pineapple,42,75,130,0,0,0
pineapple,34,65,10,100,60,80
pineapple,8,55,100,85,72,80
pineapple,22,75,60,85,60,80
pineapple,38,35,40,85,60,80
pineapple,8,75,0,100,72,80
pineapple,30,45,100,85,60,80
pineapple,26,75,130,0,0,0
pineapple,38,45,100,72,60,80
pineapple,30,65,100,85,60,80
pineapple,26,75,100,85,60,80
pineapple,42,55,25,85,60,80
pineapple,34,35,0,100,60,80
pomegranate,42,85,60,65,60,80
pomegranate,34,35,100,85,60,80
pomegranate,26,85,25,90,60,80
pomegranate,22,45,130,0,0,0
pomegranate,34,85,130,0,0,0
pomegranate,12,65,100,85,60,80
pomegranate,8,25,130,0,0,0
pomegranate,30,35,0,100,60,80
pomegranate,26,45,60,85,60,80
pomegranate,18,85,40,90,60,80
pomegranate,26,35,130,0,0,0
pomegranate,30,75,130,0,0,0
pomegranate,22,75,60,85,60,80
pomegranate,42,35,0,85,60,80
pomegranate,38,55,25,85,60,80
pomegranate,22,25,180,0,0,0
pomegranate,12,45,0,100,60,80
pomegranate,18,25,0,110,60,80
pomegranate,12,65,25,100,60,80
pomegranate,22,90,130,0,0,0
watermelon,38,75,40,85,60,80
watermelon,26,75,40,100,60,80
watermelon,38,55,25,85,60,80
watermelon,26,45,180,0,0,0
watermelon,38,85,100,65,60,80
watermelon,38,90,100,65,60,80
watermelon,18,55,40,100,60,80
watermelon,34,45,25,100,60,80
watermelon,22,35,130,0,0,0
watermelon,42,25,180,0,0,0
watermelon,12,85,25,90,60,80
watermelon,38,90,10,76,60,80
watermelon,12,90,0,90,60,80
watermelon,26,45,60,85,60,80
watermelon,18,75,0,100,60,80
watermelon,38,35,100,72,60,80
watermelon,8,55,60,85,72,80
watermelon,26,55,100,85,60,80
watermelon,34,75,0,100,60,80
watermelon,34,65,60,85,60,80
muskmelon,30,85,60,76,60,80
muskmelon,22,85,25,90,60,80
muskmelon,30,35,60,85,60,80
muskmelon,8,90,25,90,72,80
muskmelon,22,25,40,110,60,80
muskmelon,42,45,60,72,60,80
muskmelon,18,85,10,90,60,80
muskmelon,12,35,40,100,60,80
muskmelon,12,25,60,93,60,80
muskmelon,12,90,0,90,60,80
muskmelon,18,25,25,110,60,80
muskmelon,30,75,10,100,60,80
muskmelon,18,75,0,100,60,80
muskmelon,18,55,130,0,0,0
muskmelon,30,65,60,85,60,80
muskmelon,12,25,180,0,0,0
muskmelon,30,75,25,100,60,80
muskmelon,38,25,40,93,60,80
muskmelon,38,85,25,76,60,80
muskmelon,12,25,180,0,0,0
berseem,26,75,0,140,60,40
berseem,8,45,180,0,0,0
berseem,8,90,40,126,72,40
berseem,22,65,130,0,0,0
berseem,34,90,0,126,60,40
berseem,26,90,100,107,60,40
berseem,8,90,180,0,0,0
berseem,38,35,25,119,60,40
berseem,12,45,180,0,0,0
berseem,38,85,0,107,60,40
berseem,38,90,0,107,60,40
berseem,12,35,100,119,60,40
berseem,30,90,100,107,60,40
berseem,38,35,60,101,60,40
berseem,18,75,130,0,0,0
berseem,12,35,130,0,0,0
berseem,42,75,60,101,60,40
berseem,30,65,60,119,60,40
berseem,22,65,0,140,60,40
berseem,22,75,40,140,60,40
alfalfa,18,65,180,0,0,0
alfalfa,30,35,180,0,0,0
alfalfa,30,75,40,140,60,40
alfalfa,22,55,130,0,0,0
alfalfa,12,85,100,107,60,40
alfalfa,8,85,100,107,72,40
alfalfa,12,25,180,0,0,0
alfalfa,22,75,100,119,60,40
alfalfa,38,65,25,119,60,40
alfalfa,12,55,0,140,60,40
alfalfa,8,65,0,140,72,40
alfalfa,38,85,100,91,60,40
alfalfa,42,75,0,119,60,40
alfalfa,42,25,100,111,60,40
alfalfa,18,90,100,107,60,40
alfalfa,34,35,180,0,0,0
alfalfa,18,85,60,107,60,40
alfalfa,8,75,40,140,72,40
alfalfa,26,90,25,126,60,40
alfalfa,42,75,40,119,60,40
napier grass,38,90,100,91,60,40
napier grass,12,55,180,0,0,0
napier grass,18,65,40,140,60,40
napier grass,26,75,130,0,0,0
napier grass,38,25,60,111,60,40
napier grass,22,65,10,140,60,40
napier grass,42,65,40,119,60,40
napier grass,22,35,40,140,60,40
napier grass,34,55,100,119,60,40
napier grass,26,55,10,140,60,40
napier grass,8,90,100,107,72,40
napier grass,8,25,0,154,72,40
napier grass,34,75,10,140,60,40
napier grass,12,55,100,119,60,40
napier grass,42,90,130,0,0,0
napier grass,42,90,10,107,60,40
napier grass,38,45,0,119,60,40
napier grass,42,90,10,107,60,40
napier grass,12,65,10,140,60,40
napier grass,26,65,60,119,60,40
fodder maize,34,35,130,0,0,0
fodder maize,22,90,0,126,60,40
fodder maize,26,75,0,140,60,40
fodder maize,8,25,180,0,0,0
fodder maize,18,85,130,0,0,0
fodder maize,38,75,10,119,60,40
fodder maize,12,85,0,126,60,40
fodder maize,12,55,10,140,60,40
fodder maize,22,65,100,119,60,40
fodder maize,22,85,10,126,60,40
fodder maize,34,45,130,0,0,0
fodder maize,34,45,25,140,60,40
fodder maize,42,55,10,119,60,40
fodder maize,12,35,60,119,60,40
fodder maize,22,25,100,130,60,40
fodder maize,26,85,60,107,60,40
fodder maize,42,45,40,119,60,40
fodder maize,30,25,180,0,0,0
fodder maize,26,85,180,0,0,0
fodder maize,38,90,60,91,60,40
fodder sorghum,8,65,180,0,0,0
fodder sorghum,22,25,180,0,0,0
fodder sorghum,18,55,25,140,60,40
fodder sorghum,34,75,60,119,60,40
fodder sorghum,26,55,25,140,60,40
fodder sorghum,38,90,60,91,60,40
fodder sorghum,38,45,60,101,60,40
fodder sorghum,26,90,60,107,60,40
fodder sorghum,12,55,180,0,0,0
fodder sorghum,26,90,40,126,60,40
fodder sorghum,34,85,40,126,60,40
fodder sorghum,26,75,40,140,60,40
fodder sorghum,38,25,0,130,60,40
fodder sorghum,26,35,60,119,60,40
fodder sorghum,12,45,10,140,60,40
fodder sorghum,12,65,130,0,0,0
fodder sorghum,34,45,100,119,60,40
fodder sorghum,18,65,60,119,60,40
fodder sorghum,38,90,40,107,60,40
fodder sorghum,30,75,0,140,60,40
tulsi,22,25,10,66,40,40
tulsi,22,35,10,60,40,40
tulsi,34,25,0,66,40,40
tulsi,8,65,130,0,0,0
tulsi,38,85,60,39,40,40
tulsi,8,45,130,0,0,0
tulsi,18,25,40,66,40,40
tulsi,22,55,0,60,40,40
tulsi,8,45,25,60,48,40
tulsi,30,90,130,0,0,0
tulsi,34,25,60,56,40,40
tulsi,22,55,40,60,40,40
tulsi,12,85,180,0,0,0
tulsi,18,75,40,60,40,40
tulsi,34,75,180,0,0,0
tulsi,42,85,25,45,40,40
tulsi,8,55,40,60,48,40
tulsi,18,65,100,51,40,40
tulsi,26,45,130,0,0,0
tulsi,8,75,0,60,48,40
neem,26,25,0,66,40,40
neem,8,35,40,60,48,40
neem,26,75,100,51,40,40
neem,42,55,130,0,0,0
neem,38,90,100,39,40,40
neem,12,90,0,54,40,40
neem,22,45,10,60,40,40
neem,34,85,100,45,40,40
neem,26,90,40,54,40,40
neem,38,75,40,51,40,40
neem,34,45,130,0,0,0
neem,30,90,25,54,40,40
neem,18,65,130,0,0,0
neem,26,35,25,60,40,40
neem,18,45,180,0,0,0
neem,34,85,180,0,0,0
neem,38,55,25,51,40,40
neem,42,85,60,39,40,40
neem,34,75,130,0,0,0
neem,22,65,25,60,40,40
aloe vera,26,75,60,51,40,40
aloe vera,34,85,10,54,40,40
aloe vera,26,75,100,51,40,40
aloe vera,30,55,180,0,0,0
aloe vera,26,90,25,54,40,40
aloe vera,18,65,100,51,40,40
aloe vera,18,65,60,51,40,40
aloe vera,26,45,0,60,40,40
aloe vera,34,85,40,54,40,40
aloe vera,12,55,180,0,0,0
aloe vera,18,65,60,51,40,40
aloe vera,12,75,60,51,40,40
aloe vera,34,65,40,60,40,40
aloe vera,12,25,0,66,40,40
aloe vera,12,45,10,60,40,40
aloe vera,30,25,60,56,40,40
aloe vera,8,35,0,60,48,40
aloe vera,18,65,40,60,40,40
aloe vera,22,90,130,0,0,0
aloe vera,22,55,100,51,40,40
ashwagandha,38,45,60,43,40,40
ashwagandha,38,45,40,51,40,40
ashwagandha,22,55,0,60,40,40
ashwagandha,18,25,0,66,40,40
ashwagandha,26,25,25,66,40,40
ashwagandha,12,85,60,45,40,40
ashwagandha,34,90,100,45,40,40
ashwagandha,42,25,0,56,40,40
ashwagandha,18,90,130,0,0,0
ashwagandha,12,75,130,0,0,0
ashwagandha,26,55,0,60,40,40
ashwagandha,8,75,25,60,48,40
ashwagandha,22,90,25,54,40,40
ashwagandha,42,65,180,0,0,0
ashwagandha,34,65,40,60,40,40
ashwagandha,30,65,0,60,40,40
ashwagandha,8,85,100,45,48,40
ashwagandha,12,75,100,51,40,40
ashwagandha,12,65,10,60,40,40
ashwagandha,34,45,60,51,40,40
mint,26,65,180,0,0,0
mint,26,85,10,54,40,40
mint,34,90,180,0,0,0
mint,38,85,0,45,40,40
mint,34,25,25,66,40,40
mint,30,45,10,60,40,40
mint,8,55,130,0,0,0
mint,8,65,40,60,48,40
mint,30,35,180,0,0,0
mint,38,55,180,0,0,0
mint,26,90,130,0,0,0
mint,8,90,60,45,48,40
mint,34,55,25,60,40,40
mint,8,25,25,66,48,40
mint,42,90,40,45,40,40
mint,34,35,100,51,40,40
mint,22,65,180,0,0,0
mint,12,25,100,56,40,40
mint,38,90,0,45,40,40
mint,42,75,180,0,0,0
lemongrass,38,90,60,39,40,40
lemongrass,34,75,180,0,0,0
lemongrass,8,55,25,60,48,40
lemongrass,42,85,40,45,40,40
lemongrass,38,85,180,0,0,0
lemongrass,38,65,10,51,40,40
lemongrass,8,45,0,60,48,40
lemongrass,8,75,100,51,48,40
lemongrass,18,85,0,54,40,40
lemongrass,12,75,60,51,40,40
lemongrass,42,65,180,0,0,0
lemongrass,22,35,25,60,40,40
lemongrass,22,35,40,60,40,40
lemongrass,22,75,10,60,40,40
lemongrass,30,90,100,45,40,40
lemongrass,26,90,60,45,40,40
lemongrass,8,65,40,60,48,40
lemongrass,8,55,40,60,48,40
lemongrass,38,35,60,43,40,40
lemongrass,22,45,100,51,40,40
toor,26,45,40,30,60,40
toor,30,55,25,30,60,40
toor,34,35,40,30,60,40
toor,22,65,60,30,60,40
toor,26,25,25,30,60,40
toor,30,45,10,30,60,40
toor,22,55,40,30,60,40
toor,26,75,100,30,60,40
toor,12,25,180,0,0,0
toor,42,85,130,0,0,0
toor,8,35,180,0,0,0
toor,38,55,10,30,60,40
toor,18,65,100,30,60,40
toor,26,45,60,30,60,40
toor,42,25,180,0,0,0
toor,30,85,25,30,60,40
toor,34,75,40,30,60,40
toor,12,35,10,30,60,40
toor,8,90,130,0,0,0
toor,22,45,0,30,60,40
bengal gram,22,45,25,40,60,40
bengal gram,26,55,40,40,60,40
bengal gram,18,65,10,40,60,40
bengal gram,30,35,25,40,60,40
bengal gram,22,25,40,40,60,40
bengal gram,12,45,60,40,60,40
bengal gram,34,55,10,40,60,40
bengal gram,8,75,180,0,0,0
bengal gram,42,25,130,0,0,0
bengal gram,26,85,100,40,60,40
bengal gram,38,45,180,0,0,0
bengal gram,30,75,0,40,60,40
bengal gram,18,35,25,40,60,40
bengal gram,12,85,130,0,0,0
bengal gram,22,65,60,40,60,40
bengal gram,8,55,10,40,60,40
bengal gram,26,45,0,40,60,40
bengal gram,34,25,100,40,60,40
bengal gram,42,90,180,0,0,0
bengal gram,18,55,40,40,60,40